{"MSE": 2.4528059014217063, "_timestamp": 1686232741.6402822, "_runtime": 6.686714172363281, "_step": 0, "_wandb": {"runtime": 6}}