{"MSE": 6.022036669994053, "_timestamp": 1686231119.5193, "_runtime": 9.929359912872314, "_step": 0, "_wandb": {"runtime": 9}}