{"MSE": 2.4672861387888356, "_timestamp": 1686232695.038423, "_runtime": 4.7850501537323, "_step": 0, "_wandb": {"runtime": 4}}