{"MSE": 2.454924287102998, "_timestamp": 1686232648.8691351, "_runtime": 6.6651341915130615, "_step": 0, "_wandb": {"runtime": 6}}