{"MSE": 2.463435116811482, "_timestamp": 1686232713.416233, "_runtime": 6.375084161758423, "_step": 0, "_wandb": {"runtime": 5}}