{"MSE": 6.022036669994053, "_timestamp": 1686230850.60582, "_runtime": 10.088289022445679, "_step": 0, "_wandb": {"runtime": 9}}