{"MSE": 2.453531622918815, "_timestamp": 1686232669.664721, "_runtime": 5.496284008026123, "_step": 0, "_wandb": {"runtime": 5}}